group	n	median	q1	q3
within_cluster	13	0.24662359261026387	0.24553540655381845	0.24900485250147814
between_cluster	23	0.2559837656713389	0.254161842385317	0.2574099406016521
