,AK,CF,CH,EC,GK,NN,PB,SG,TL
AK,0.22415149142265503,0.24785652665368416,0.237216780541562,0.24957437692209944,0.2497177633441397,0.24940665628108555,0.23888454975074652,0.2389434861525624,0.23694783017127738
CF,0.24785652665368416,0.22872199039607694,0.24309596801150116,0.24665630864230426,0.2457159099700992,0.24577344873485243,0.24388581790789152,0.24616685964415408,0.24513460821854263
CH,0.237216780541562,0.24309596801150116,0.21572754701539623,0.24493729324743505,0.24519948702126593,0.2448804728385314,0.23545039034696055,0.23593561639491292,0.23352873620117254
EC,0.24957437692209944,0.24665630864230423,0.24493729324743502,0.20892279133613428,0.2478463033687459,0.2464564134964381,0.24498423732955565,0.24786679162194533,0.2466328400420491
GK,0.2497177633441397,0.2457159099700992,0.24519948702126593,0.24784630336874588,0.23081808654542246,0.24748301187093702,0.24557338014883198,0.24810705551064885,0.2470037836106168
NN,0.24940665628108555,0.24577344873485243,0.24488047283853137,0.2464564134964381,0.24748301187093702,0.22942296398894635,0.2450761859650484,0.24761425125274558,0.2466712230073964
PB,0.23888454975074652,0.24388581790789152,0.23545039034696055,0.24498423732955563,0.24557338014883195,0.2450761859650484,0.22008474269342998,0.236912364127222,0.2352701632484009
SG,0.2389434861525624,0.24616685964415408,0.23593561639491292,0.24786679162194533,0.24810705551064885,0.24761425125274564,0.236912364127222,0.2214446487203687,0.23417596431757623
TL,0.23694783017127735,0.2451346082185427,0.23352873620117254,0.2466328400420491,0.2470037836106168,0.24667122300739644,0.2352701632484009,0.23417596431757623,0.21705768009685356
