group	n	median	q1	q3
within_cluster	16	0.23805066514615425	0.23581430988292484	0.2441980154855543
between_cluster	20	0.24666376582485033	0.24547990686694046	0.24785142543204577
