trait	n_snps_tested	n_sig_fdr_0_05	n_regions	lambda_gc	n_samples_used
vcmax	747802	2	2	1.1468118870523607	115
jmax	747802	0	0	1.0433741964311813	115
dark_resp	747802	36	24	1.019343393475798	115
light_comp_point	747802	28	20	1.3208630775039383	115
pgmax	747802	62	44	1.332335930433083	115
quantum_yield	747802	337	178	1.3586633429925163	115
