set	n	mean_r2	median_r2	p95_r2	frac_r2_ge_thr
before_prune	45355	0.15972172508441243	0.011888367726593423	1.0	0.1742916988204167
after_prune	42920	0.020276886732362782	0.007374076061365215	0.09120424843676231	0.0
