trait	n_ecotypes	mean	std	min	max
vcmax	12	83.61690823430555	9.57489403721795	67.817822	99.597558
jmax	12	156.0239385177778	20.0948590180111	124.79349475000001	183.3186756
dark_resp	12	2.471753847638889	0.6745542786337239	1.63262775	3.6880499999999996
light_comp_point	12	18.946748566041666	3.2802433783795335	12.3811343315	25.007147619999998
pgmax	12	13.488618297090278	2.0536858511755045	8.9584437886	16.31322925
quantum_yield	12	0.05554929489444444	0.010294365005488304	0.0419483905	0.0741563432
