trait	n_samples	R2_trait_on_PCs	beta_intercept	beta_PC1	beta_PC2	beta_PC3
vcmax	115	0.5990055048235857	82.95739805756526	0.030361821485981773	0.033745063948369694	-0.007614562514084802
jmax	115	0.8618040329086603	158.1184785111305	0.06928039276740525	0.08812020214642469	-0.0398579010845329
dark_resp	115	0.2065339406430854	2.436983170260871	0.0014863599692966417	0.0007235291970903728	0.0001462593609854116
light_comp_point	115	0.1810712562601574	19.58522106304348	-0.002252023830418886	0.002414694956676869	0.00952700007245772
pgmax	115	0.755150710685142	13.481170158295654	0.0054625432066897316	0.011639019576368339	-0.0003621720847473415
quantum_yield	115	0.34203843049235827	0.05722486114956522	1.01807262216666e-05	3.3501695983707254e-05	-1.6729519513852912e-05
